timestamp_s,node_state,sampling_interval_s,transmission_interval_s,current_load_A,voltage_bus_V,power_load_W
0.0,LORA_TX,30.0,120.0,0.12,3.6,0.432
1.0,SAMPLING,30.0,120.0,0.008,3.6,0.028800000000000003
2.0,SLEEP,30.0,120.0,1.5e-05,3.6,5.4000000000000005e-05
3.0,SLEEP,30.0,120.0,1.5e-05,3.6,5.4000000000000005e-05
4.0,SLEEP,30.0,120.0,1.5e-05,3.6,5.4000000000000005e-05
5.0,SLEEP,30.0,120.0,1.5e-05,3.6,5.4000000000000005e-05
6.0,SLEEP,30.0,120.0,1.5e-05,3.6,5.4000000000000005e-05
7.0,SLEEP,30.0,120.0,1.5e-05,3.6,5.4000000000000005e-05
8.0,SLEEP,30.0,120.0,1.5e-05,3.6,5.4000000000000005e-05
9.0,SLEEP,30.0,120.0,1.5e-05,3.6,5.4000000000000005e-05
10.0,SLEEP,30.0,120.0,1.5e-05,3.6,5.4000000000000005e-05
11.0,SLEEP,30.0,120.0,1.5e-05,3.6,5.4000000000000005e-05
12.0,SLEEP,30.0,120.0,1.5e-05,3.6,5.4000000000000005e-05
13.0,SLEEP,30.0,120.0,1.5e-05,3.6,5.4000000000000005e-05
14.0,SLEEP,30.0,120.0,1.5e-05,3.6,5.4000000000000005e-05
15.0,SLEEP,30.0,120.0,1.5e-05,3.6,5.4000000000000005e-05
16.0,SLEEP,30.0,120.0,1.5e-05,3.6,5.4000000000000005e-05
17.0,SLEEP,30.0,120.0,1.5e-05,3.6,5.4000000000000005e-05
18.0,SLEEP,30.0,120.0,1.5e-05,3.6,5.4000000000000005e-05
19.0,SLEEP,30.0,120.0,1.5e-05,3.6,5.4000000000000005e-05
20.0,SLEEP,30.0,120.0,1.5e-05,3.6,5.4000000000000005e-05
21.0,SLEEP,30.0,120.0,1.5e-05,3.6,5.4000000000000005e-05
22.0,SLEEP,30.0,120.0,1.5e-05,3.6,5.4000000000000005e-05
23.0,SLEEP,30.0,120.0,1.5e-05,3.6,5.4000000000000005e-05
24.0,SLEEP,30.0,120.0,1.5e-05,3.6,5.4000000000000005e-05
25.0,SLEEP,30.0,120.0,1.5e-05,3.6,5.4000000000000005e-05
26.0,SLEEP,30.0,120.0,1.5e-05,3.6,5.4000000000000005e-05
27.0,SLEEP,30.0,120.0,1.5e-05,3.6,5.4000000000000005e-05
28.0,SLEEP,30.0,120.0,1.5e-05,3.6,5.4000000000000005e-05
29.0,SLEEP,30.0,120.0,1.5e-05,3.6,5.4000000000000005e-05
30.0,SAMPLING,30.0,120.0,0.008,3.6,0.028800000000000003
31.0,SAMPLING,30.0,120.0,0.008,3.6,0.028800000000000003
32.0,SLEEP,30.0,120.0,1.5e-05,3.6,5.4000000000000005e-05
33.0,SLEEP,30.0,120.0,1.5e-05,3.6,5.4000000000000005e-05
34.0,SLEEP,30.0,120.0,1.5e-05,3.6,5.4000000000000005e-05
35.0,SLEEP,30.0,120.0,1.5e-05,3.6,5.4000000000000005e-05
36.0,SLEEP,30.0,120.0,1.5e-05,3.6,5.4000000000000005e-05
37.0,SLEEP,30.0,120.0,1.5e-05,3.6,5.4000000000000005e-05
38.0,SLEEP,30.0,120.0,1.5e-05,3.6,5.4000000000000005e-05
39.0,SLEEP,30.0,120.0,1.5e-05,3.6,5.4000000000000005e-05
40.0,SLEEP,30.0,120.0,1.5e-05,3.6,5.4000000000000005e-05
41.0,SLEEP,30.0,120.0,1.5e-05,3.6,5.4000000000000005e-05
42.0,SLEEP,30.0,120.0,1.5e-05,3.6,5.4000000000000005e-05
43.0,SLEEP,30.0,120.0,1.5e-05,3.6,5.4000000000000005e-05
44.0,SLEEP,30.0,120.0,1.5e-05,3.6,5.4000000000000005e-05
45.0,SLEEP,30.0,120.0,1.5e-05,3.6,5.4000000000000005e-05
46.0,SLEEP,30.0,120.0,1.5e-05,3.6,5.4000000000000005e-05
47.0,SLEEP,30.0,120.0,1.5e-05,3.6,5.4000000000000005e-05
48.0,SLEEP,30.0,120.0,1.5e-05,3.6,5.4000000000000005e-05
49.0,SLEEP,30.0,120.0,1.5e-05,3.6,5.4000000000000005e-05
50.0,SLEEP,30.0,120.0,1.5e-05,3.6,5.4000000000000005e-05
51.0,SLEEP,30.0,120.0,1.5e-05,3.6,5.4000000000000005e-05
52.0,SLEEP,30.0,120.0,1.5e-05,3.6,5.4000000000000005e-05
53.0,SLEEP,30.0,120.0,1.5e-05,3.6,5.4000000000000005e-05
54.0,SLEEP,30.0,120.0,1.5e-05,3.6,5.4000000000000005e-05
55.0,SLEEP,30.0,120.0,1.5e-05,3.6,5.4000000000000005e-05
56.0,SLEEP,30.0,120.0,1.5e-05,3.6,5.4000000000000005e-05
57.0,SLEEP,30.0,120.0,1.5e-05,3.6,5.4000000000000005e-05
58.0,SLEEP,30.0,120.0,1.5e-05,3.6,5.4000000000000005e-05
59.0,SLEEP,30.0,120.0,1.5e-05,3.6,5.4000000000000005e-05
60.0,SAMPLING,30.0,120.0,0.008,3.6,0.028800000000000003
61.0,SAMPLING,30.0,120.0,0.008,3.6,0.028800000000000003
62.0,SLEEP,30.0,120.0,1.5e-05,3.6,5.4000000000000005e-05
63.0,SLEEP,30.0,120.0,1.5e-05,3.6,5.4000000000000005e-05
64.0,SLEEP,30.0,120.0,1.5e-05,3.6,5.4000000000000005e-05
65.0,SLEEP,30.0,120.0,1.5e-05,3.6,5.4000000000000005e-05
66.0,SLEEP,30.0,120.0,1.5e-05,3.6,5.4000000000000005e-05
67.0,SLEEP,30.0,120.0,1.5e-05,3.6,5.4000000000000005e-05
68.0,SLEEP,30.0,120.0,1.5e-05,3.6,5.4000000000000005e-05
69.0,SLEEP,30.0,120.0,1.5e-05,3.6,5.4000000000000005e-05
70.0,SLEEP,30.0,120.0,1.5e-05,3.6,5.4000000000000005e-05
71.0,SLEEP,30.0,120.0,1.5e-05,3.6,5.4000000000000005e-05
72.0,SLEEP,30.0,120.0,1.5e-05,3.6,5.4000000000000005e-05
73.0,SLEEP,30.0,120.0,1.5e-05,3.6,5.4000000000000005e-05
74.0,SLEEP,30.0,120.0,1.5e-05,3.6,5.4000000000000005e-05
75.0,SLEEP,30.0,120.0,1.5e-05,3.6,5.4000000000000005e-05
76.0,SLEEP,30.0,120.0,1.5e-05,3.6,5.4000000000000005e-05
77.0,SLEEP,30.0,120.0,1.5e-05,3.6,5.4000000000000005e-05
78.0,SLEEP,30.0,120.0,1.5e-05,3.6,5.4000000000000005e-05
79.0,SLEEP,30.0,120.0,1.5e-05,3.6,5.4000000000000005e-05
80.0,SLEEP,30.0,120.0,1.5e-05,3.6,5.4000000000000005e-05
81.0,SLEEP,30.0,120.0,1.5e-05,3.6,5.4000000000000005e-05
82.0,SLEEP,30.0,120.0,1.5e-05,3.6,5.4000000000000005e-05
83.0,SLEEP,30.0,120.0,1.5e-05,3.6,5.4000000000000005e-05
84.0,SLEEP,30.0,120.0,1.5e-05,3.6,5.4000000000000005e-05
85.0,SLEEP,30.0,120.0,1.5e-05,3.6,5.4000000000000005e-05
86.0,SLEEP,30.0,120.0,1.5e-05,3.6,5.4000000000000005e-05
87.0,SLEEP,30.0,120.0,1.5e-05,3.6,5.4000000000000005e-05
88.0,SLEEP,30.0,120.0,1.5e-05,3.6,5.4000000000000005e-05
89.0,SLEEP,30.0,120.0,1.5e-05,3.6,5.4000000000000005e-05
90.0,SAMPLING,30.0,120.0,0.008,3.6,0.028800000000000003
91.0,SAMPLING,30.0,120.0,0.008,3.6,0.028800000000000003
92.0,SLEEP,30.0,120.0,1.5e-05,3.6,5.4000000000000005e-05
93.0,SLEEP,30.0,120.0,1.5e-05,3.6,5.4000000000000005e-05
94.0,SLEEP,30.0,120.0,1.5e-05,3.6,5.4000000000000005e-05
95.0,SLEEP,30.0,120.0,1.5e-05,3.6,5.4000000000000005e-05
96.0,SLEEP,30.0,120.0,1.5e-05,3.6,5.4000000000000005e-05
97.0,SLEEP,30.0,120.0,1.5e-05,3.6,5.4000000000000005e-05
98.0,SLEEP,30.0,120.0,1.5e-05,3.6,5.4000000000000005e-05
99.0,SLEEP,30.0,120.0,1.5e-05,3.6,5.4000000000000005e-05
100.0,SLEEP,30.0,120.0,1.5e-05,3.6,5.4000000000000005e-05
101.0,SLEEP,30.0,120.0,1.5e-05,3.6,5.4000000000000005e-05
102.0,SLEEP,30.0,120.0,1.5e-05,3.6,5.4000000000000005e-05
103.0,SLEEP,30.0,120.0,1.5e-05,3.6,5.4000000000000005e-05
104.0,SLEEP,30.0,120.0,1.5e-05,3.6,5.4000000000000005e-05
105.0,SLEEP,30.0,120.0,1.5e-05,3.6,5.4000000000000005e-05
106.0,SLEEP,30.0,120.0,1.5e-05,3.6,5.4000000000000005e-05
107.0,SLEEP,30.0,120.0,1.5e-05,3.6,5.4000000000000005e-05
108.0,SLEEP,30.0,120.0,1.5e-05,3.6,5.4000000000000005e-05
109.0,SLEEP,30.0,120.0,1.5e-05,3.6,5.4000000000000005e-05
110.0,SLEEP,30.0,120.0,1.5e-05,3.6,5.4000000000000005e-05
111.0,SLEEP,30.0,120.0,1.5e-05,3.6,5.4000000000000005e-05
112.0,SLEEP,30.0,120.0,1.5e-05,3.6,5.4000000000000005e-05
113.0,SLEEP,30.0,120.0,1.5e-05,3.6,5.4000000000000005e-05
114.0,SLEEP,30.0,120.0,1.5e-05,3.6,5.4000000000000005e-05
115.0,SLEEP,30.0,120.0,1.5e-05,3.6,5.4000000000000005e-05
116.0,SLEEP,30.0,120.0,1.5e-05,3.6,5.4000000000000005e-05
117.0,SLEEP,30.0,120.0,1.5e-05,3.6,5.4000000000000005e-05
118.0,SLEEP,30.0,120.0,1.5e-05,3.6,5.4000000000000005e-05
119.0,SLEEP,30.0,120.0,1.5e-05,3.6,5.4000000000000005e-05
120.0,LORA_TX,30.0,120.0,0.12,3.6,0.432
121.0,SAMPLING,30.0,120.0,0.008,3.6,0.028800000000000003
122.0,SLEEP,30.0,120.0,1.5e-05,3.6,5.4000000000000005e-05
123.0,SLEEP,30.0,120.0,1.5e-05,3.6,5.4000000000000005e-05
124.0,SLEEP,30.0,120.0,1.5e-05,3.6,5.4000000000000005e-05
125.0,SLEEP,30.0,120.0,1.5e-05,3.6,5.4000000000000005e-05
126.0,SLEEP,30.0,120.0,1.5e-05,3.6,5.4000000000000005e-05
127.0,SLEEP,30.0,120.0,1.5e-05,3.6,5.4000000000000005e-05
128.0,SLEEP,30.0,120.0,1.5e-05,3.6,5.4000000000000005e-05
129.0,SLEEP,30.0,120.0,1.5e-05,3.6,5.4000000000000005e-05
130.0,SLEEP,30.0,120.0,1.5e-05,3.6,5.4000000000000005e-05
131.0,SLEEP,30.0,120.0,1.5e-05,3.6,5.4000000000000005e-05
132.0,SLEEP,30.0,120.0,1.5e-05,3.6,5.4000000000000005e-05
133.0,SLEEP,30.0,120.0,1.5e-05,3.6,5.4000000000000005e-05
134.0,SLEEP,30.0,120.0,1.5e-05,3.6,5.4000000000000005e-05
135.0,SLEEP,30.0,120.0,1.5e-05,3.6,5.4000000000000005e-05
136.0,SLEEP,30.0,120.0,1.5e-05,3.6,5.4000000000000005e-05
137.0,SLEEP,30.0,120.0,1.5e-05,3.6,5.4000000000000005e-05
138.0,SLEEP,30.0,120.0,1.5e-05,3.6,5.4000000000000005e-05
139.0,SLEEP,30.0,120.0,1.5e-05,3.6,5.4000000000000005e-05
140.0,SLEEP,30.0,120.0,1.5e-05,3.6,5.4000000000000005e-05
141.0,SLEEP,30.0,120.0,1.5e-05,3.6,5.4000000000000005e-05
142.0,SLEEP,30.0,120.0,1.5e-05,3.6,5.4000000000000005e-05
143.0,SLEEP,30.0,120.0,1.5e-05,3.6,5.4000000000000005e-05
144.0,SLEEP,30.0,120.0,1.5e-05,3.6,5.4000000000000005e-05
145.0,SLEEP,30.0,120.0,1.5e-05,3.6,5.4000000000000005e-05
146.0,SLEEP,30.0,120.0,1.5e-05,3.6,5.4000000000000005e-05
147.0,SLEEP,30.0,120.0,1.5e-05,3.6,5.4000000000000005e-05
148.0,SLEEP,30.0,120.0,1.5e-05,3.6,5.4000000000000005e-05
149.0,SLEEP,30.0,120.0,1.5e-05,3.6,5.4000000000000005e-05
150.0,SAMPLING,30.0,120.0,0.008,3.6,0.028800000000000003
151.0,SAMPLING,30.0,120.0,0.008,3.6,0.028800000000000003
152.0,SLEEP,30.0,120.0,1.5e-05,3.6,5.4000000000000005e-05
153.0,SLEEP,30.0,120.0,1.5e-05,3.6,5.4000000000000005e-05
154.0,SLEEP,30.0,120.0,1.5e-05,3.6,5.4000000000000005e-05
155.0,SLEEP,30.0,120.0,1.5e-05,3.6,5.4000000000000005e-05
156.0,SLEEP,30.0,120.0,1.5e-05,3.6,5.4000000000000005e-05
157.0,SLEEP,30.0,120.0,1.5e-05,3.6,5.4000000000000005e-05
158.0,SLEEP,30.0,120.0,1.5e-05,3.6,5.4000000000000005e-05
159.0,SLEEP,30.0,120.0,1.5e-05,3.6,5.4000000000000005e-05
160.0,SLEEP,30.0,120.0,1.5e-05,3.6,5.4000000000000005e-05
161.0,SLEEP,30.0,120.0,1.5e-05,3.6,5.4000000000000005e-05
162.0,SLEEP,30.0,120.0,1.5e-05,3.6,5.4000000000000005e-05
163.0,SLEEP,30.0,120.0,1.5e-05,3.6,5.4000000000000005e-05
164.0,SLEEP,30.0,120.0,1.5e-05,3.6,5.4000000000000005e-05
165.0,SLEEP,30.0,120.0,1.5e-05,3.6,5.4000000000000005e-05
166.0,SLEEP,30.0,120.0,1.5e-05,3.6,5.4000000000000005e-05
167.0,SLEEP,30.0,120.0,1.5e-05,3.6,5.4000000000000005e-05
168.0,SLEEP,30.0,120.0,1.5e-05,3.6,5.4000000000000005e-05
169.0,SLEEP,30.0,120.0,1.5e-05,3.6,5.4000000000000005e-05
170.0,SLEEP,30.0,120.0,1.5e-05,3.6,5.4000000000000005e-05
171.0,SLEEP,30.0,120.0,1.5e-05,3.6,5.4000000000000005e-05
172.0,SLEEP,30.0,120.0,1.5e-05,3.6,5.4000000000000005e-05
173.0,SLEEP,30.0,120.0,1.5e-05,3.6,5.4000000000000005e-05
174.0,SLEEP,30.0,120.0,1.5e-05,3.6,5.4000000000000005e-05
175.0,SLEEP,30.0,120.0,1.5e-05,3.6,5.4000000000000005e-05
176.0,SLEEP,30.0,120.0,1.5e-05,3.6,5.4000000000000005e-05
177.0,SLEEP,30.0,120.0,1.5e-05,3.6,5.4000000000000005e-05
178.0,SLEEP,30.0,120.0,1.5e-05,3.6,5.4000000000000005e-05
179.0,SLEEP,30.0,120.0,1.5e-05,3.6,5.4000000000000005e-05
180.0,SAMPLING,30.0,120.0,0.008,3.6,0.028800000000000003
181.0,SAMPLING,30.0,120.0,0.008,3.6,0.028800000000000003
182.0,SLEEP,30.0,120.0,1.5e-05,3.6,5.4000000000000005e-05
183.0,SLEEP,30.0,120.0,1.5e-05,3.6,5.4000000000000005e-05
184.0,SLEEP,30.0,120.0,1.5e-05,3.6,5.4000000000000005e-05
185.0,SLEEP,30.0,120.0,1.5e-05,3.6,5.4000000000000005e-05
186.0,SLEEP,30.0,120.0,1.5e-05,3.6,5.4000000000000005e-05
187.0,SLEEP,30.0,120.0,1.5e-05,3.6,5.4000000000000005e-05
188.0,SLEEP,30.0,120.0,1.5e-05,3.6,5.4000000000000005e-05
189.0,SLEEP,30.0,120.0,1.5e-05,3.6,5.4000000000000005e-05
190.0,SLEEP,30.0,120.0,1.5e-05,3.6,5.4000000000000005e-05
191.0,SLEEP,30.0,120.0,1.5e-05,3.6,5.4000000000000005e-05
192.0,SLEEP,30.0,120.0,1.5e-05,3.6,5.4000000000000005e-05
193.0,SLEEP,30.0,120.0,1.5e-05,3.6,5.4000000000000005e-05
194.0,SLEEP,30.0,120.0,1.5e-05,3.6,5.4000000000000005e-05
195.0,SLEEP,30.0,120.0,1.5e-05,3.6,5.4000000000000005e-05
196.0,SLEEP,30.0,120.0,1.5e-05,3.6,5.4000000000000005e-05
197.0,SLEEP,30.0,120.0,1.5e-05,3.6,5.4000000000000005e-05
198.0,SLEEP,30.0,120.0,1.5e-05,3.6,5.4000000000000005e-05
199.0,SLEEP,30.0,120.0,1.5e-05,3.6,5.4000000000000005e-05
200.0,SLEEP,30.0,120.0,1.5e-05,3.6,5.4000000000000005e-05
201.0,SLEEP,30.0,120.0,1.5e-05,3.6,5.4000000000000005e-05
202.0,SLEEP,30.0,120.0,1.5e-05,3.6,5.4000000000000005e-05
203.0,SLEEP,30.0,120.0,1.5e-05,3.6,5.4000000000000005e-05
204.0,SLEEP,30.0,120.0,1.5e-05,3.6,5.4000000000000005e-05
205.0,SLEEP,30.0,120.0,1.5e-05,3.6,5.4000000000000005e-05
206.0,SLEEP,30.0,120.0,1.5e-05,3.6,5.4000000000000005e-05
207.0,SLEEP,30.0,120.0,1.5e-05,3.6,5.4000000000000005e-05
208.0,SLEEP,30.0,120.0,1.5e-05,3.6,5.4000000000000005e-05
209.0,SLEEP,30.0,120.0,1.5e-05,3.6,5.4000000000000005e-05
210.0,SAMPLING,30.0,120.0,0.008,3.6,0.028800000000000003
211.0,SAMPLING,30.0,120.0,0.008,3.6,0.028800000000000003
212.0,SLEEP,30.0,120.0,1.5e-05,3.6,5.4000000000000005e-05
213.0,SLEEP,30.0,120.0,1.5e-05,3.6,5.4000000000000005e-05
214.0,SLEEP,30.0,120.0,1.5e-05,3.6,5.4000000000000005e-05
215.0,SLEEP,30.0,120.0,1.5e-05,3.6,5.4000000000000005e-05
216.0,SLEEP,30.0,120.0,1.5e-05,3.6,5.4000000000000005e-05
217.0,SLEEP,30.0,120.0,1.5e-05,3.6,5.4000000000000005e-05
218.0,SLEEP,30.0,120.0,1.5e-05,3.6,5.4000000000000005e-05
219.0,SLEEP,30.0,120.0,1.5e-05,3.6,5.4000000000000005e-05
220.0,SLEEP,30.0,120.0,1.5e-05,3.6,5.4000000000000005e-05
221.0,SLEEP,30.0,120.0,1.5e-05,3.6,5.4000000000000005e-05
222.0,SLEEP,30.0,120.0,1.5e-05,3.6,5.4000000000000005e-05
223.0,SLEEP,30.0,120.0,1.5e-05,3.6,5.4000000000000005e-05
224.0,SLEEP,30.0,120.0,1.5e-05,3.6,5.4000000000000005e-05
225.0,SLEEP,30.0,120.0,1.5e-05,3.6,5.4000000000000005e-05
226.0,SLEEP,30.0,120.0,1.5e-05,3.6,5.4000000000000005e-05
227.0,SLEEP,30.0,120.0,1.5e-05,3.6,5.4000000000000005e-05
228.0,SLEEP,30.0,120.0,1.5e-05,3.6,5.4000000000000005e-05
229.0,SLEEP,30.0,120.0,1.5e-05,3.6,5.4000000000000005e-05
230.0,SLEEP,30.0,120.0,1.5e-05,3.6,5.4000000000000005e-05
231.0,SLEEP,30.0,120.0,1.5e-05,3.6,5.4000000000000005e-05
232.0,SLEEP,30.0,120.0,1.5e-05,3.6,5.4000000000000005e-05
233.0,SLEEP,30.0,120.0,1.5e-05,3.6,5.4000000000000005e-05
234.0,SLEEP,30.0,120.0,1.5e-05,3.6,5.4000000000000005e-05
235.0,SLEEP,30.0,120.0,1.5e-05,3.6,5.4000000000000005e-05
236.0,SLEEP,30.0,120.0,1.5e-05,3.6,5.4000000000000005e-05
237.0,SLEEP,30.0,120.0,1.5e-05,3.6,5.4000000000000005e-05
238.0,SLEEP,30.0,120.0,1.5e-05,3.6,5.4000000000000005e-05
239.0,SLEEP,30.0,120.0,1.5e-05,3.6,5.4000000000000005e-05
240.0,LORA_TX,30.0,120.0,0.12,3.6,0.432
241.0,SAMPLING,30.0,120.0,0.008,3.6,0.028800000000000003
242.0,SLEEP,30.0,120.0,1.5e-05,3.6,5.4000000000000005e-05
243.0,SLEEP,30.0,120.0,1.5e-05,3.6,5.4000000000000005e-05
244.0,SLEEP,30.0,120.0,1.5e-05,3.6,5.4000000000000005e-05
245.0,SLEEP,30.0,120.0,1.5e-05,3.6,5.4000000000000005e-05
246.0,SLEEP,30.0,120.0,1.5e-05,3.6,5.4000000000000005e-05
247.0,SLEEP,30.0,120.0,1.5e-05,3.6,5.4000000000000005e-05
248.0,SLEEP,30.0,120.0,1.5e-05,3.6,5.4000000000000005e-05
249.0,SLEEP,30.0,120.0,1.5e-05,3.6,5.4000000000000005e-05
250.0,SLEEP,30.0,120.0,1.5e-05,3.6,5.4000000000000005e-05
251.0,SLEEP,30.0,120.0,1.5e-05,3.6,5.4000000000000005e-05
252.0,SLEEP,30.0,120.0,1.5e-05,3.6,5.4000000000000005e-05
253.0,SLEEP,30.0,120.0,1.5e-05,3.6,5.4000000000000005e-05
254.0,SLEEP,30.0,120.0,1.5e-05,3.6,5.4000000000000005e-05
255.0,SLEEP,30.0,120.0,1.5e-05,3.6,5.4000000000000005e-05
256.0,SLEEP,30.0,120.0,1.5e-05,3.6,5.4000000000000005e-05
257.0,SLEEP,30.0,120.0,1.5e-05,3.6,5.4000000000000005e-05
258.0,SLEEP,30.0,120.0,1.5e-05,3.6,5.4000000000000005e-05
259.0,SLEEP,30.0,120.0,1.5e-05,3.6,5.4000000000000005e-05
260.0,SLEEP,30.0,120.0,1.5e-05,3.6,5.4000000000000005e-05
261.0,SLEEP,30.0,120.0,1.5e-05,3.6,5.4000000000000005e-05
262.0,SLEEP,30.0,120.0,1.5e-05,3.6,5.4000000000000005e-05
263.0,SLEEP,30.0,120.0,1.5e-05,3.6,5.4000000000000005e-05
264.0,SLEEP,30.0,120.0,1.5e-05,3.6,5.4000000000000005e-05
265.0,SLEEP,30.0,120.0,1.5e-05,3.6,5.4000000000000005e-05
266.0,SLEEP,30.0,120.0,1.5e-05,3.6,5.4000000000000005e-05
267.0,SLEEP,30.0,120.0,1.5e-05,3.6,5.4000000000000005e-05
268.0,SLEEP,30.0,120.0,1.5e-05,3.6,5.4000000000000005e-05
269.0,SLEEP,30.0,120.0,1.5e-05,3.6,5.4000000000000005e-05
270.0,SAMPLING,30.0,120.0,0.008,3.6,0.028800000000000003
271.0,SAMPLING,30.0,120.0,0.008,3.6,0.028800000000000003
272.0,SLEEP,30.0,120.0,1.5e-05,3.6,5.4000000000000005e-05
273.0,SLEEP,30.0,120.0,1.5e-05,3.6,5.4000000000000005e-05
274.0,SLEEP,30.0,120.0,1.5e-05,3.6,5.4000000000000005e-05
275.0,SLEEP,30.0,120.0,1.5e-05,3.6,5.4000000000000005e-05
276.0,SLEEP,30.0,120.0,1.5e-05,3.6,5.4000000000000005e-05
277.0,SLEEP,30.0,120.0,1.5e-05,3.6,5.4000000000000005e-05
278.0,SLEEP,30.0,120.0,1.5e-05,3.6,5.4000000000000005e-05
279.0,SLEEP,30.0,120.0,1.5e-05,3.6,5.4000000000000005e-05
280.0,SLEEP,30.0,120.0,1.5e-05,3.6,5.4000000000000005e-05
281.0,SLEEP,30.0,120.0,1.5e-05,3.6,5.4000000000000005e-05
282.0,SLEEP,30.0,120.0,1.5e-05,3.6,5.4000000000000005e-05
283.0,SLEEP,30.0,120.0,1.5e-05,3.6,5.4000000000000005e-05
284.0,SLEEP,30.0,120.0,1.5e-05,3.6,5.4000000000000005e-05
285.0,SLEEP,30.0,120.0,1.5e-05,3.6,5.4000000000000005e-05
286.0,SLEEP,30.0,120.0,1.5e-05,3.6,5.4000000000000005e-05
287.0,SLEEP,30.0,120.0,1.5e-05,3.6,5.4000000000000005e-05
288.0,SLEEP,30.0,120.0,1.5e-05,3.6,5.4000000000000005e-05
289.0,SLEEP,30.0,120.0,1.5e-05,3.6,5.4000000000000005e-05
290.0,SLEEP,30.0,120.0,1.5e-05,3.6,5.4000000000000005e-05
291.0,SLEEP,30.0,120.0,1.5e-05,3.6,5.4000000000000005e-05
292.0,SLEEP,30.0,120.0,1.5e-05,3.6,5.4000000000000005e-05
293.0,SLEEP,30.0,120.0,1.5e-05,3.6,5.4000000000000005e-05
294.0,SLEEP,30.0,120.0,1.5e-05,3.6,5.4000000000000005e-05
295.0,SLEEP,30.0,120.0,1.5e-05,3.6,5.4000000000000005e-05
296.0,SLEEP,30.0,120.0,1.5e-05,3.6,5.4000000000000005e-05
297.0,SLEEP,30.0,120.0,1.5e-05,3.6,5.4000000000000005e-05
298.0,SLEEP,30.0,120.0,1.5e-05,3.6,5.4000000000000005e-05
299.0,SLEEP,30.0,120.0,1.5e-05,3.6,5.4000000000000005e-05
300.0,SAMPLING,30.0,120.0,0.008,3.6,0.028800000000000003
301.0,SAMPLING,30.0,120.0,0.008,3.6,0.028800000000000003
302.0,SLEEP,30.0,120.0,1.5e-05,3.6,5.4000000000000005e-05
303.0,SLEEP,30.0,120.0,1.5e-05,3.6,5.4000000000000005e-05
304.0,SLEEP,30.0,120.0,1.5e-05,3.6,5.4000000000000005e-05
305.0,SLEEP,30.0,120.0,1.5e-05,3.6,5.4000000000000005e-05
306.0,SLEEP,30.0,120.0,1.5e-05,3.6,5.4000000000000005e-05
307.0,SLEEP,30.0,120.0,1.5e-05,3.6,5.4000000000000005e-05
308.0,SLEEP,30.0,120.0,1.5e-05,3.6,5.4000000000000005e-05
309.0,SLEEP,30.0,120.0,1.5e-05,3.6,5.4000000000000005e-05
310.0,SLEEP,30.0,120.0,1.5e-05,3.6,5.4000000000000005e-05
311.0,SLEEP,30.0,120.0,1.5e-05,3.6,5.4000000000000005e-05
312.0,SLEEP,30.0,120.0,1.5e-05,3.6,5.4000000000000005e-05
313.0,SLEEP,30.0,120.0,1.5e-05,3.6,5.4000000000000005e-05
314.0,SLEEP,30.0,120.0,1.5e-05,3.6,5.4000000000000005e-05
315.0,SLEEP,30.0,120.0,1.5e-05,3.6,5.4000000000000005e-05
316.0,SLEEP,30.0,120.0,1.5e-05,3.6,5.4000000000000005e-05
317.0,SLEEP,30.0,120.0,1.5e-05,3.6,5.4000000000000005e-05
318.0,SLEEP,30.0,120.0,1.5e-05,3.6,5.4000000000000005e-05
319.0,SLEEP,30.0,120.0,1.5e-05,3.6,5.4000000000000005e-05
320.0,SLEEP,30.0,120.0,1.5e-05,3.6,5.4000000000000005e-05
321.0,SLEEP,30.0,120.0,1.5e-05,3.6,5.4000000000000005e-05
322.0,SLEEP,30.0,120.0,1.5e-05,3.6,5.4000000000000005e-05
323.0,SLEEP,30.0,120.0,1.5e-05,3.6,5.4000000000000005e-05
324.0,SLEEP,30.0,120.0,1.5e-05,3.6,5.4000000000000005e-05
325.0,SLEEP,30.0,120.0,1.5e-05,3.6,5.4000000000000005e-05
326.0,SLEEP,30.0,120.0,1.5e-05,3.6,5.4000000000000005e-05
327.0,SLEEP,30.0,120.0,1.5e-05,3.6,5.4000000000000005e-05
328.0,SLEEP,30.0,120.0,1.5e-05,3.6,5.4000000000000005e-05
329.0,SLEEP,30.0,120.0,1.5e-05,3.6,5.4000000000000005e-05
330.0,SAMPLING,30.0,120.0,0.008,3.6,0.028800000000000003
331.0,SAMPLING,30.0,120.0,0.008,3.6,0.028800000000000003
332.0,SLEEP,30.0,120.0,1.5e-05,3.6,5.4000000000000005e-05
333.0,SLEEP,30.0,120.0,1.5e-05,3.6,5.4000000000000005e-05
334.0,SLEEP,30.0,120.0,1.5e-05,3.6,5.4000000000000005e-05
335.0,SLEEP,30.0,120.0,1.5e-05,3.6,5.4000000000000005e-05
336.0,SLEEP,30.0,120.0,1.5e-05,3.6,5.4000000000000005e-05
337.0,SLEEP,30.0,120.0,1.5e-05,3.6,5.4000000000000005e-05
338.0,SLEEP,30.0,120.0,1.5e-05,3.6,5.4000000000000005e-05
339.0,SLEEP,30.0,120.0,1.5e-05,3.6,5.4000000000000005e-05
340.0,SLEEP,30.0,120.0,1.5e-05,3.6,5.4000000000000005e-05
341.0,SLEEP,30.0,120.0,1.5e-05,3.6,5.4000000000000005e-05
342.0,SLEEP,30.0,120.0,1.5e-05,3.6,5.4000000000000005e-05
343.0,SLEEP,30.0,120.0,1.5e-05,3.6,5.4000000000000005e-05
344.0,SLEEP,30.0,120.0,1.5e-05,3.6,5.4000000000000005e-05
345.0,SLEEP,30.0,120.0,1.5e-05,3.6,5.4000000000000005e-05
346.0,SLEEP,30.0,120.0,1.5e-05,3.6,5.4000000000000005e-05
347.0,SLEEP,30.0,120.0,1.5e-05,3.6,5.4000000000000005e-05
348.0,SLEEP,30.0,120.0,1.5e-05,3.6,5.4000000000000005e-05
349.0,SLEEP,30.0,120.0,1.5e-05,3.6,5.4000000000000005e-05
350.0,SLEEP,30.0,120.0,1.5e-05,3.6,5.4000000000000005e-05
351.0,SLEEP,30.0,120.0,1.5e-05,3.6,5.4000000000000005e-05
352.0,SLEEP,30.0,120.0,1.5e-05,3.6,5.4000000000000005e-05
353.0,SLEEP,30.0,120.0,1.5e-05,3.6,5.4000000000000005e-05
354.0,SLEEP,30.0,120.0,1.5e-05,3.6,5.4000000000000005e-05
355.0,SLEEP,30.0,120.0,1.5e-05,3.6,5.4000000000000005e-05
356.0,SLEEP,30.0,120.0,1.5e-05,3.6,5.4000000000000005e-05
357.0,SLEEP,30.0,120.0,1.5e-05,3.6,5.4000000000000005e-05
358.0,SLEEP,30.0,120.0,1.5e-05,3.6,5.4000000000000005e-05
359.0,SLEEP,30.0,120.0,1.5e-05,3.6,5.4000000000000005e-05
360.0,LORA_TX,30.0,120.0,0.12,3.6,0.432
361.0,SAMPLING,30.0,120.0,0.008,3.6,0.028800000000000003
362.0,SLEEP,30.0,120.0,1.5e-05,3.6,5.4000000000000005e-05
363.0,SLEEP,30.0,120.0,1.5e-05,3.6,5.4000000000000005e-05
364.0,SLEEP,30.0,120.0,1.5e-05,3.6,5.4000000000000005e-05
365.0,SLEEP,30.0,120.0,1.5e-05,3.6,5.4000000000000005e-05
366.0,SLEEP,30.0,120.0,1.5e-05,3.6,5.4000000000000005e-05
367.0,SLEEP,30.0,120.0,1.5e-05,3.6,5.4000000000000005e-05
368.0,SLEEP,30.0,120.0,1.5e-05,3.6,5.4000000000000005e-05
369.0,SLEEP,30.0,120.0,1.5e-05,3.6,5.4000000000000005e-05
370.0,SLEEP,30.0,120.0,1.5e-05,3.6,5.4000000000000005e-05
371.0,SLEEP,30.0,120.0,1.5e-05,3.6,5.4000000000000005e-05
372.0,SLEEP,30.0,120.0,1.5e-05,3.6,5.4000000000000005e-05
373.0,SLEEP,30.0,120.0,1.5e-05,3.6,5.4000000000000005e-05
374.0,SLEEP,30.0,120.0,1.5e-05,3.6,5.4000000000000005e-05
375.0,SLEEP,30.0,120.0,1.5e-05,3.6,5.4000000000000005e-05
376.0,SLEEP,30.0,120.0,1.5e-05,3.6,5.4000000000000005e-05
377.0,SLEEP,30.0,120.0,1.5e-05,3.6,5.4000000000000005e-05
378.0,SLEEP,30.0,120.0,1.5e-05,3.6,5.4000000000000005e-05
379.0,SLEEP,30.0,120.0,1.5e-05,3.6,5.4000000000000005e-05
380.0,SLEEP,30.0,120.0,1.5e-05,3.6,5.4000000000000005e-05
381.0,SLEEP,30.0,120.0,1.5e-05,3.6,5.4000000000000005e-05
382.0,SLEEP,30.0,120.0,1.5e-05,3.6,5.4000000000000005e-05
383.0,SLEEP,30.0,120.0,1.5e-05,3.6,5.4000000000000005e-05
384.0,SLEEP,30.0,120.0,1.5e-05,3.6,5.4000000000000005e-05
385.0,SLEEP,30.0,120.0,1.5e-05,3.6,5.4000000000000005e-05
386.0,SLEEP,30.0,120.0,1.5e-05,3.6,5.4000000000000005e-05
387.0,SLEEP,30.0,120.0,1.5e-05,3.6,5.4000000000000005e-05
388.0,SLEEP,30.0,120.0,1.5e-05,3.6,5.4000000000000005e-05
389.0,SLEEP,30.0,120.0,1.5e-05,3.6,5.4000000000000005e-05
390.0,SAMPLING,30.0,120.0,0.008,3.6,0.028800000000000003
391.0,SAMPLING,30.0,120.0,0.008,3.6,0.028800000000000003
392.0,SLEEP,30.0,120.0,1.5e-05,3.6,5.4000000000000005e-05
393.0,SLEEP,30.0,120.0,1.5e-05,3.6,5.4000000000000005e-05
394.0,SLEEP,30.0,120.0,1.5e-05,3.6,5.4000000000000005e-05
395.0,SLEEP,30.0,120.0,1.5e-05,3.6,5.4000000000000005e-05
396.0,SLEEP,30.0,120.0,1.5e-05,3.6,5.4000000000000005e-05
397.0,SLEEP,30.0,120.0,1.5e-05,3.6,5.4000000000000005e-05
398.0,SLEEP,30.0,120.0,1.5e-05,3.6,5.4000000000000005e-05
399.0,SLEEP,30.0,120.0,1.5e-05,3.6,5.4000000000000005e-05
400.0,SLEEP,30.0,120.0,1.5e-05,3.6,5.4000000000000005e-05
401.0,SLEEP,30.0,120.0,1.5e-05,3.6,5.4000000000000005e-05
402.0,SLEEP,30.0,120.0,1.5e-05,3.6,5.4000000000000005e-05
403.0,SLEEP,30.0,120.0,1.5e-05,3.6,5.4000000000000005e-05
404.0,SLEEP,30.0,120.0,1.5e-05,3.6,5.4000000000000005e-05
405.0,SLEEP,30.0,120.0,1.5e-05,3.6,5.4000000000000005e-05
406.0,SLEEP,30.0,120.0,1.5e-05,3.6,5.4000000000000005e-05
407.0,SLEEP,30.0,120.0,1.5e-05,3.6,5.4000000000000005e-05
408.0,SLEEP,30.0,120.0,1.5e-05,3.6,5.4000000000000005e-05
409.0,SLEEP,30.0,120.0,1.5e-05,3.6,5.4000000000000005e-05
410.0,SLEEP,30.0,120.0,1.5e-05,3.6,5.4000000000000005e-05
411.0,SLEEP,30.0,120.0,1.5e-05,3.6,5.4000000000000005e-05
412.0,SLEEP,30.0,120.0,1.5e-05,3.6,5.4000000000000005e-05
413.0,SLEEP,30.0,120.0,1.5e-05,3.6,5.4000000000000005e-05
414.0,SLEEP,30.0,120.0,1.5e-05,3.6,5.4000000000000005e-05
415.0,SLEEP,30.0,120.0,1.5e-05,3.6,5.4000000000000005e-05
416.0,SLEEP,30.0,120.0,1.5e-05,3.6,5.4000000000000005e-05
417.0,SLEEP,30.0,120.0,1.5e-05,3.6,5.4000000000000005e-05
418.0,SLEEP,30.0,120.0,1.5e-05,3.6,5.4000000000000005e-05
419.0,SLEEP,30.0,120.0,1.5e-05,3.6,5.4000000000000005e-05
420.0,SAMPLING,30.0,120.0,0.008,3.6,0.028800000000000003
421.0,SAMPLING,30.0,120.0,0.008,3.6,0.028800000000000003
422.0,SLEEP,30.0,120.0,1.5e-05,3.6,5.4000000000000005e-05
423.0,SLEEP,30.0,120.0,1.5e-05,3.6,5.4000000000000005e-05
424.0,SLEEP,30.0,120.0,1.5e-05,3.6,5.4000000000000005e-05
425.0,SLEEP,30.0,120.0,1.5e-05,3.6,5.4000000000000005e-05
426.0,SLEEP,30.0,120.0,1.5e-05,3.6,5.4000000000000005e-05
427.0,SLEEP,30.0,120.0,1.5e-05,3.6,5.4000000000000005e-05
428.0,SLEEP,30.0,120.0,1.5e-05,3.6,5.4000000000000005e-05
429.0,SLEEP,30.0,120.0,1.5e-05,3.6,5.4000000000000005e-05
430.0,SLEEP,30.0,120.0,1.5e-05,3.6,5.4000000000000005e-05
431.0,SLEEP,30.0,120.0,1.5e-05,3.6,5.4000000000000005e-05
432.0,SLEEP,30.0,120.0,1.5e-05,3.6,5.4000000000000005e-05
433.0,SLEEP,30.0,120.0,1.5e-05,3.6,5.4000000000000005e-05
434.0,SLEEP,30.0,120.0,1.5e-05,3.6,5.4000000000000005e-05
435.0,SLEEP,30.0,120.0,1.5e-05,3.6,5.4000000000000005e-05
436.0,SLEEP,30.0,120.0,1.5e-05,3.6,5.4000000000000005e-05
437.0,SLEEP,30.0,120.0,1.5e-05,3.6,5.4000000000000005e-05
438.0,SLEEP,30.0,120.0,1.5e-05,3.6,5.4000000000000005e-05
439.0,SLEEP,30.0,120.0,1.5e-05,3.6,5.4000000000000005e-05
440.0,SLEEP,30.0,120.0,1.5e-05,3.6,5.4000000000000005e-05
441.0,SLEEP,30.0,120.0,1.5e-05,3.6,5.4000000000000005e-05
442.0,SLEEP,30.0,120.0,1.5e-05,3.6,5.4000000000000005e-05
443.0,SLEEP,30.0,120.0,1.5e-05,3.6,5.4000000000000005e-05
444.0,SLEEP,30.0,120.0,1.5e-05,3.6,5.4000000000000005e-05
445.0,SLEEP,30.0,120.0,1.5e-05,3.6,5.4000000000000005e-05
446.0,SLEEP,30.0,120.0,1.5e-05,3.6,5.4000000000000005e-05
447.0,SLEEP,30.0,120.0,1.5e-05,3.6,5.4000000000000005e-05
448.0,SLEEP,30.0,120.0,1.5e-05,3.6,5.4000000000000005e-05
449.0,SLEEP,30.0,120.0,1.5e-05,3.6,5.4000000000000005e-05
450.0,SAMPLING,30.0,120.0,0.008,3.6,0.028800000000000003
451.0,SAMPLING,30.0,120.0,0.008,3.6,0.028800000000000003
452.0,SLEEP,30.0,120.0,1.5e-05,3.6,5.4000000000000005e-05
453.0,SLEEP,30.0,120.0,1.5e-05,3.6,5.4000000000000005e-05
454.0,SLEEP,30.0,120.0,1.5e-05,3.6,5.4000000000000005e-05
455.0,SLEEP,30.0,120.0,1.5e-05,3.6,5.4000000000000005e-05
456.0,SLEEP,30.0,120.0,1.5e-05,3.6,5.4000000000000005e-05
457.0,SLEEP,30.0,120.0,1.5e-05,3.6,5.4000000000000005e-05
458.0,SLEEP,30.0,120.0,1.5e-05,3.6,5.4000000000000005e-05
459.0,SLEEP,30.0,120.0,1.5e-05,3.6,5.4000000000000005e-05
460.0,SLEEP,30.0,120.0,1.5e-05,3.6,5.4000000000000005e-05
461.0,SLEEP,30.0,120.0,1.5e-05,3.6,5.4000000000000005e-05
462.0,SLEEP,30.0,120.0,1.5e-05,3.6,5.4000000000000005e-05
463.0,SLEEP,30.0,120.0,1.5e-05,3.6,5.4000000000000005e-05
464.0,SLEEP,30.0,120.0,1.5e-05,3.6,5.4000000000000005e-05
465.0,SLEEP,30.0,120.0,1.5e-05,3.6,5.4000000000000005e-05
466.0,SLEEP,30.0,120.0,1.5e-05,3.6,5.4000000000000005e-05
467.0,SLEEP,30.0,120.0,1.5e-05,3.6,5.4000000000000005e-05
468.0,SLEEP,30.0,120.0,1.5e-05,3.6,5.4000000000000005e-05
469.0,SLEEP,30.0,120.0,1.5e-05,3.6,5.4000000000000005e-05
470.0,SLEEP,30.0,120.0,1.5e-05,3.6,5.4000000000000005e-05
471.0,SLEEP,30.0,120.0,1.5e-05,3.6,5.4000000000000005e-05
472.0,SLEEP,30.0,120.0,1.5e-05,3.6,5.4000000000000005e-05
473.0,SLEEP,30.0,120.0,1.5e-05,3.6,5.4000000000000005e-05
474.0,SLEEP,30.0,120.0,1.5e-05,3.6,5.4000000000000005e-05
475.0,SLEEP,30.0,120.0,1.5e-05,3.6,5.4000000000000005e-05
476.0,SLEEP,30.0,120.0,1.5e-05,3.6,5.4000000000000005e-05
477.0,SLEEP,30.0,120.0,1.5e-05,3.6,5.4000000000000005e-05
478.0,SLEEP,30.0,120.0,1.5e-05,3.6,5.4000000000000005e-05
479.0,SLEEP,30.0,120.0,1.5e-05,3.6,5.4000000000000005e-05
480.0,LORA_TX,30.0,120.0,0.12,3.6,0.432
481.0,SAMPLING,30.0,120.0,0.008,3.6,0.028800000000000003
482.0,SLEEP,30.0,120.0,1.5e-05,3.6,5.4000000000000005e-05
483.0,SLEEP,30.0,120.0,1.5e-05,3.6,5.4000000000000005e-05
484.0,SLEEP,30.0,120.0,1.5e-05,3.6,5.4000000000000005e-05
485.0,SLEEP,30.0,120.0,1.5e-05,3.6,5.4000000000000005e-05
486.0,SLEEP,30.0,120.0,1.5e-05,3.6,5.4000000000000005e-05
487.0,SLEEP,30.0,120.0,1.5e-05,3.6,5.4000000000000005e-05
488.0,SLEEP,30.0,120.0,1.5e-05,3.6,5.4000000000000005e-05
489.0,SLEEP,30.0,120.0,1.5e-05,3.6,5.4000000000000005e-05
490.0,SLEEP,30.0,120.0,1.5e-05,3.6,5.4000000000000005e-05
491.0,SLEEP,30.0,120.0,1.5e-05,3.6,5.4000000000000005e-05
492.0,SLEEP,30.0,120.0,1.5e-05,3.6,5.4000000000000005e-05
493.0,SLEEP,30.0,120.0,1.5e-05,3.6,5.4000000000000005e-05
494.0,SLEEP,30.0,120.0,1.5e-05,3.6,5.4000000000000005e-05
495.0,SLEEP,30.0,120.0,1.5e-05,3.6,5.4000000000000005e-05
496.0,SLEEP,30.0,120.0,1.5e-05,3.6,5.4000000000000005e-05
497.0,SLEEP,30.0,120.0,1.5e-05,3.6,5.4000000000000005e-05
498.0,SLEEP,30.0,120.0,1.5e-05,3.6,5.4000000000000005e-05
499.0,SLEEP,30.0,120.0,1.5e-05,3.6,5.4000000000000005e-05
500.0,SLEEP,30.0,120.0,1.5e-05,3.6,5.4000000000000005e-05
501.0,SLEEP,30.0,120.0,1.5e-05,3.6,5.4000000000000005e-05
502.0,SLEEP,30.0,120.0,1.5e-05,3.6,5.4000000000000005e-05
503.0,SLEEP,30.0,120.0,1.5e-05,3.6,5.4000000000000005e-05
504.0,SLEEP,30.0,120.0,1.5e-05,3.6,5.4000000000000005e-05
505.0,SLEEP,30.0,120.0,1.5e-05,3.6,5.4000000000000005e-05
506.0,SLEEP,30.0,120.0,1.5e-05,3.6,5.4000000000000005e-05
507.0,SLEEP,30.0,120.0,1.5e-05,3.6,5.4000000000000005e-05
508.0,SLEEP,30.0,120.0,1.5e-05,3.6,5.4000000000000005e-05
509.0,SLEEP,30.0,120.0,1.5e-05,3.6,5.4000000000000005e-05
510.0,SAMPLING,30.0,120.0,0.008,3.6,0.028800000000000003
511.0,SAMPLING,30.0,120.0,0.008,3.6,0.028800000000000003
512.0,SLEEP,30.0,120.0,1.5e-05,3.6,5.4000000000000005e-05
513.0,SLEEP,30.0,120.0,1.5e-05,3.6,5.4000000000000005e-05
514.0,SLEEP,30.0,120.0,1.5e-05,3.6,5.4000000000000005e-05
515.0,SLEEP,30.0,120.0,1.5e-05,3.6,5.4000000000000005e-05
516.0,SLEEP,30.0,120.0,1.5e-05,3.6,5.4000000000000005e-05
517.0,SLEEP,30.0,120.0,1.5e-05,3.6,5.4000000000000005e-05
518.0,SLEEP,30.0,120.0,1.5e-05,3.6,5.4000000000000005e-05
519.0,SLEEP,30.0,120.0,1.5e-05,3.6,5.4000000000000005e-05
520.0,SLEEP,30.0,120.0,1.5e-05,3.6,5.4000000000000005e-05
521.0,SLEEP,30.0,120.0,1.5e-05,3.6,5.4000000000000005e-05
522.0,SLEEP,30.0,120.0,1.5e-05,3.6,5.4000000000000005e-05
523.0,SLEEP,30.0,120.0,1.5e-05,3.6,5.4000000000000005e-05
524.0,SLEEP,30.0,120.0,1.5e-05,3.6,5.4000000000000005e-05
525.0,SLEEP,30.0,120.0,1.5e-05,3.6,5.4000000000000005e-05
526.0,SLEEP,30.0,120.0,1.5e-05,3.6,5.4000000000000005e-05
527.0,SLEEP,30.0,120.0,1.5e-05,3.6,5.4000000000000005e-05
528.0,SLEEP,30.0,120.0,1.5e-05,3.6,5.4000000000000005e-05
529.0,SLEEP,30.0,120.0,1.5e-05,3.6,5.4000000000000005e-05
530.0,SLEEP,30.0,120.0,1.5e-05,3.6,5.4000000000000005e-05
531.0,SLEEP,30.0,120.0,1.5e-05,3.6,5.4000000000000005e-05
532.0,SLEEP,30.0,120.0,1.5e-05,3.6,5.4000000000000005e-05
533.0,SLEEP,30.0,120.0,1.5e-05,3.6,5.4000000000000005e-05
534.0,SLEEP,30.0,120.0,1.5e-05,3.6,5.4000000000000005e-05
535.0,SLEEP,30.0,120.0,1.5e-05,3.6,5.4000000000000005e-05
536.0,SLEEP,30.0,120.0,1.5e-05,3.6,5.4000000000000005e-05
537.0,SLEEP,30.0,120.0,1.5e-05,3.6,5.4000000000000005e-05
538.0,SLEEP,30.0,120.0,1.5e-05,3.6,5.4000000000000005e-05
539.0,SLEEP,30.0,120.0,1.5e-05,3.6,5.4000000000000005e-05
540.0,SAMPLING,30.0,120.0,0.008,3.6,0.028800000000000003
541.0,SAMPLING,30.0,120.0,0.008,3.6,0.028800000000000003
542.0,SLEEP,30.0,120.0,1.5e-05,3.6,5.4000000000000005e-05
543.0,SLEEP,30.0,120.0,1.5e-05,3.6,5.4000000000000005e-05
544.0,SLEEP,30.0,120.0,1.5e-05,3.6,5.4000000000000005e-05
545.0,SLEEP,30.0,120.0,1.5e-05,3.6,5.4000000000000005e-05
546.0,SLEEP,30.0,120.0,1.5e-05,3.6,5.4000000000000005e-05
547.0,SLEEP,30.0,120.0,1.5e-05,3.6,5.4000000000000005e-05
548.0,SLEEP,30.0,120.0,1.5e-05,3.6,5.4000000000000005e-05
549.0,SLEEP,30.0,120.0,1.5e-05,3.6,5.4000000000000005e-05
550.0,SLEEP,30.0,120.0,1.5e-05,3.6,5.4000000000000005e-05
551.0,SLEEP,30.0,120.0,1.5e-05,3.6,5.4000000000000005e-05
552.0,SLEEP,30.0,120.0,1.5e-05,3.6,5.4000000000000005e-05
553.0,SLEEP,30.0,120.0,1.5e-05,3.6,5.4000000000000005e-05
554.0,SLEEP,30.0,120.0,1.5e-05,3.6,5.4000000000000005e-05
555.0,SLEEP,30.0,120.0,1.5e-05,3.6,5.4000000000000005e-05
556.0,SLEEP,30.0,120.0,1.5e-05,3.6,5.4000000000000005e-05
557.0,SLEEP,30.0,120.0,1.5e-05,3.6,5.4000000000000005e-05
558.0,SLEEP,30.0,120.0,1.5e-05,3.6,5.4000000000000005e-05
559.0,SLEEP,30.0,120.0,1.5e-05,3.6,5.4000000000000005e-05
560.0,SLEEP,30.0,120.0,1.5e-05,3.6,5.4000000000000005e-05
561.0,SLEEP,30.0,120.0,1.5e-05,3.6,5.4000000000000005e-05
562.0,SLEEP,30.0,120.0,1.5e-05,3.6,5.4000000000000005e-05
563.0,SLEEP,30.0,120.0,1.5e-05,3.6,5.4000000000000005e-05
564.0,SLEEP,30.0,120.0,1.5e-05,3.6,5.4000000000000005e-05
565.0,SLEEP,30.0,120.0,1.5e-05,3.6,5.4000000000000005e-05
566.0,SLEEP,30.0,120.0,1.5e-05,3.6,5.4000000000000005e-05
567.0,SLEEP,30.0,120.0,1.5e-05,3.6,5.4000000000000005e-05
568.0,SLEEP,30.0,120.0,1.5e-05,3.6,5.4000000000000005e-05
569.0,SLEEP,30.0,120.0,1.5e-05,3.6,5.4000000000000005e-05
570.0,SAMPLING,30.0,120.0,0.008,3.6,0.028800000000000003
571.0,SAMPLING,30.0,120.0,0.008,3.6,0.028800000000000003
572.0,SLEEP,30.0,120.0,1.5e-05,3.6,5.4000000000000005e-05
573.0,SLEEP,30.0,120.0,1.5e-05,3.6,5.4000000000000005e-05
574.0,SLEEP,30.0,120.0,1.5e-05,3.6,5.4000000000000005e-05
575.0,SLEEP,30.0,120.0,1.5e-05,3.6,5.4000000000000005e-05
576.0,SLEEP,30.0,120.0,1.5e-05,3.6,5.4000000000000005e-05
577.0,SLEEP,30.0,120.0,1.5e-05,3.6,5.4000000000000005e-05
578.0,SLEEP,30.0,120.0,1.5e-05,3.6,5.4000000000000005e-05
579.0,SLEEP,30.0,120.0,1.5e-05,3.6,5.4000000000000005e-05
580.0,SLEEP,30.0,120.0,1.5e-05,3.6,5.4000000000000005e-05
581.0,SLEEP,30.0,120.0,1.5e-05,3.6,5.4000000000000005e-05
582.0,SLEEP,30.0,120.0,1.5e-05,3.6,5.4000000000000005e-05
583.0,SLEEP,30.0,120.0,1.5e-05,3.6,5.4000000000000005e-05
584.0,SLEEP,30.0,120.0,1.5e-05,3.6,5.4000000000000005e-05
585.0,SLEEP,30.0,120.0,1.5e-05,3.6,5.4000000000000005e-05
586.0,SLEEP,30.0,120.0,1.5e-05,3.6,5.4000000000000005e-05
587.0,SLEEP,30.0,120.0,1.5e-05,3.6,5.4000000000000005e-05
588.0,SLEEP,30.0,120.0,1.5e-05,3.6,5.4000000000000005e-05
589.0,SLEEP,30.0,120.0,1.5e-05,3.6,5.4000000000000005e-05
590.0,SLEEP,30.0,120.0,1.5e-05,3.6,5.4000000000000005e-05
591.0,SLEEP,30.0,120.0,1.5e-05,3.6,5.4000000000000005e-05
592.0,SLEEP,30.0,120.0,1.5e-05,3.6,5.4000000000000005e-05
593.0,SLEEP,30.0,120.0,1.5e-05,3.6,5.4000000000000005e-05
594.0,SLEEP,30.0,120.0,1.5e-05,3.6,5.4000000000000005e-05
595.0,SLEEP,30.0,120.0,1.5e-05,3.6,5.4000000000000005e-05
596.0,SLEEP,30.0,120.0,1.5e-05,3.6,5.4000000000000005e-05
597.0,SLEEP,30.0,120.0,1.5e-05,3.6,5.4000000000000005e-05
598.0,SLEEP,30.0,120.0,1.5e-05,3.6,5.4000000000000005e-05
599.0,SLEEP,30.0,120.0,1.5e-05,3.6,5.4000000000000005e-05
